{
  "benchmark": "mmlu",
  "results": {
    "single::deepseek-v4-pro": 0.9222222222222223,
    "single_std::deepseek-v4-pro": 0.010393492741038738,
    "single::glm-5p2": 0.7833333333333333,
    "single_std::glm-5p2": 0.006804138174397693,
    "single::kimi-k2p6": 0.5388888888888889,
    "single_std::kimi-k2p6": 0.003928371006591917,
    "TRINITY": 0.925,
    "random_routing": 0.875
  },
  "invariants": {
    "R1/R2 TRINITY > best single model": true,
    "R4 TRINITY > random routing": true,
    "best_single": 0.9222222222222223
  }
}